id,name
1,稻香村
2,万花
3,1024_蓝天白云
4,未知地图
5,少林
6,扬州
7,纯阳
8,洛阳
9,洛道
10,寇岛
11,天策
12,枫华谷
13,金水镇
14,灵霄峡
15,长安
16,七秀
17,天工坊
18,无盐岛
19,空雾峰
20,天地三才阵
21,巴陵县
22,南屏山
23,龙门荒漠
25,浩气盟
26,荻花宫前山
27,恶人谷
28,日轮山城
29,五十级云湖天池
30,昆仑
31,特殊光照地图2
32,战宝迦兰
33,天子峰
34,风雨稻香村
35,瞿塘峡
36,英雄天地三才阵
37,英雄天工坊
38,神农洇
39,四十级云湖天池
40,英雄荻花宫前山
41,英雄无盐岛
42,英雄天子峰
43,英雄空雾峰
44,英雄日轮山城
45,英雄灵霄峡
46,英雄战宝迦兰
47,英雄风雨稻香村
48,珍珑棋谷
49,藏剑山庄
50,丝绸之路
51,剑冢
52,七十级云湖天池
53,邀星坪_夜射天狼
55,守株围场_打猎
56,困龙岭_梅花桩
57,陷空坳_宇文宝藏
58,百草园
60,持国天王殿
61,宫中神武遗迹
62,英雄剑冢
63,英雄宫中神武遗迹
64,25人普通宫中神武遗迹
65,25人普通持国天王殿
66,英雄持国天王殿
67,荻花宫后山
68,荻花圣殿
69,10人英雄荻花圣殿
70,25人普通荻花圣殿
71,仙踪林
72,25人英雄荻花圣殿
73,英雄荻花宫后山
74,帮会领地
75,毒神殿
100,白龙口
101,无量山
102,五毒
103,融天岭
104,黑龙沼
105,苍山洱海
106,法王窟
107,无量宫
108,成都
109,龙渊泽
110,寂灭厅
111,英雄仙踪林
112,英雄毒神殿
113,英雄寂灭厅
114,英雄无量宫
115,英雄法王窟
116,低级仙踪林
117,25人英雄龙渊泽
118,25人普通龙渊泽
119,10人英雄龙渊泽
120,荻花洞窟
121,英雄神农洇
122,唐门
123,低级唐门密室
125,唐门密室
126,神剑冢
127,天山碎冰谷
128,乐山大佛窟
129,华山之巅
130,英雄荻花洞窟
131,持国天王回忆录
133,25人英雄烛龙殿
134,烛龙殿
135,三国古战场
136,会战唐门
137,大漠楼兰
138,25人英雄会战唐门
139,枫华谷·战乱
140,南诏皇宫
141,光明顶秘道
142,低级光明顶秘道
143,试炼之地
144,试炼之地
145,试炼之地
146,试炼之地
147,试炼之地
148,英雄持国回忆录
149,雪原争锋
150,明教
151,洛阳·战乱
152,大唐监狱
153,马嵬驿
155,英雄南诏皇宫
156,长安·战乱
157,英雄一线天
158,天策·战乱
159,丐帮
160,战宝军械库
161,华清宫
162,英雄华清宫
163,华清宫回忆录
164,大明宫
165,英雄大明宫
167,一线天
169,流离岛
170,英雄流离岛
171,英雄战宝军械库
172,长安城
173,齐物阁
174,迷仙引
175,血战天策
176,英雄血战天策
177,风雪稻香村
178,英雄风雪稻香村
179,直城门
181,狼影殿
182,秦皇陵
183,英雄秦皇陵
184,墨家秘殿
186,浮香丘
187,春明门
189,藏宝洞·野人谷
190,藏宝洞·夜狼山
191,太原之战·夜守孤城
192,太原之战·逐虎驱狼
193,苍云
194,太原
195,雁门关之役
196,普通雁门关之役
197,苍云
198,英雄太原之战·夜守孤城
199,英雄太原之战·逐虎驱狼
200,璨翠海厅
203,天泣林
204,阴山圣泉
205,挑战太原之战·夜守孤城
206,挑战太原之战·逐虎驱狼
209,梵空禅院
211,10人挑战太原之战·夜守孤城
212,10人挑战太原之战·逐虎驱狼
213,长歌门
214,五台山
215,千岛湖
216,阴山大草原
217,黑戈壁
218,引仙水榭
219,微山书院
220,永王行宫_仙侣庭园
221,永王行宫_花月别院
222,挑战璨翠海厅
224,英雄天泣林
225,英雄微山书院
227,英雄阴山圣泉
228,英雄梵空禅院
229,英雄引仙水榭
230,英雄永王行宫_花月别院
231,英雄永王行宫_仙侣庭园
232,试炼永王行宫_仙侣庭园
233,试炼永王行宫_花月别院
234,10人挑战永王行宫_仙侣庭园
235,10人挑战永王行宫_花月别院
236,25人挑战永王行宫_仙侣庭园
237,25人挑战永王行宫_花月别院
238,青竹书院
239,洛阳城
240,上阳宫_观风殿
241,上阳宫_双曜亭
242,白帝水宫
243,霸刀山庄
244,挑战白帝水宫
245,大梦迷境
246,星海幻景
247,梦回稻香
248,英雄上阳宫_观风殿
249,英雄上阳宫_双曜亭
250,试炼上阳宫_观风殿
251,试炼上阳宫_双曜亭
256,夕颜阁
257,英雄夕颜阁
258,素月清秋
259,竞技大师_华山之巅
260,挑战夕颜阁
261,天街灯市
262,刀轮海厅
263,风雷刀谷_锻刀厅
264,风雷刀谷_千雷殿
265,天街灯市·春节·福
266,天街灯市·春节·禄
267,天街灯市·春节·寿
268,天街灯市·春节·祥
269,天街灯市·春节·禧
270,英雄风雷刀谷_千雷殿
271,英雄风雷刀谷_锻刀厅
272,帮会风雷刀谷_千雷殿
273,帮会风雷刀谷_锻刀厅
274,天街灯市
275,挑战刀轮海厅
276,拭剑园
277,拭剑台
278,拭剑园
279,拭剑园
280,拭剑园
281,拭剑园
282,1024
283,狼牙堡_战兽山
284,狼牙堡_燕然峰
285,银雾湖
286,英雄狼牙堡_战兽山
287,英雄狼牙堡_燕然峰
288,帮会狼牙堡_战兽山
289,帮会狼牙堡_燕然峰
290,挑战银雾湖
291,稻香秘事
292,英雄稻香秘事
293,拭剑园战场
294,1024_商城默认
295,挑战稻香秘事
296,龙门绝境
297,龙门绝境·夜
298,狼牙堡·辉天堑
299,狼牙堡_狼神殿
300,英雄狼牙堡·辉天堑
301,英雄狼牙堡·狼神殿
302,云梦幽泽
303,历战_空雾峰
304,历战_天子峰
305,历战_寂灭厅
306,历战_毒神殿
307,历战_荻花圣殿
308,历战_风雷刀谷
309,历战_风雨稻香村
310,历战_灵霄峡
311,历战_南诏皇宫
312,历战_日轮山城
313,历战_天地三才阵
314,历战_无盐岛
315,历战_英雄风雨稻香村
316,历战_荻花洞窟
317,历战_烛龙殿
318,历战_持国天王殿
319,侠影稻香
321,思过园
322,李渡鬼域
323,帮会狼牙堡_辉天堑
324,帮会狼牙堡_狼神殿
325,洞天福地岛
330,龙泉府
331,九寨沟
332,侠客岛
333,蓬莱
334,经首道源岛
337,泥兰洞天
338,1024_昼夜循环
339,大衍盘丝洞
340,镜泊湖
341,冰火岛·荒血路
342,九辩馆
343,英雄迷渊岛
344,浮丘岛
347,冰火岛·青莲狱
348,英雄冰火岛·青莲狱
349,挑战冰火岛·青莲狱
350,试炼冰火岛·青莲狱
354,英雄冰火岛·荒血路
355,英雄大衍盘丝洞
356,英雄泥兰洞天
357,英雄镜泊湖
358,迷渊岛
359,英雄九辩馆
360,挑战冰火岛·荒血路
361,试炼冰火岛·荒血路
362,墟海之眼
364,尘归海·巨冥湾
365,英雄尘归海·巨冥湾
366,挑战尘归海·巨冥湾
368,尘归海·饕餮洞
369,英雄尘归海·饕餮洞
370,挑战尘归海·饕餮洞
406,英雄周天屿
407,挑战周天屿
410,沧溟绝境
411,鲲鹏岛
412,列星岛
413,望扬镇_压力测试
414,扬州_望扬镇_家园_004
415,野狸岛
417,HD登陆界面_蓬莱001
418,HD商城_001_1024
419,凌雪阁
420,HD登陆界面002_空
421,浪客行·悬棺裂谷
422,浪客行·桑珠草原
423,浪客行·东水寨
424,浪客行·湘竹溪
425,浪客行·荒魂镇
426,敖龙岛
427,25人普通敖龙岛
428,25人英雄敖龙岛
431,玄鹤别院
432,英雄玄鹤别院
433,浪客行·有间客栈
434,浪客行·绥梦山
435,浪客行·华清宫
436,浪客行·枫阳村
437,浪客行·荒雪路
438,浪客行·古祭坛
439,浪客行·雾荧洞
440,浪客行·阴风峡
441,浪客行·翡翠瑶池
442,浪客行·胡杨林道
443,浪客行·浮景峰
444,蔷薇列岛
445,江南府邸
446,试炼之地
447,HD商城_001
448,HD登陆界面_凌雪阁003
450,miniscene角色光照无地形
451,雪山温泉
452,范阳夜变
453,25人普通范阳夜变
454,25人英雄范阳夜变
455,广陵邑
457,望扬镇_单房屋测试
458,1024_昼夜循环_家园
459,范阳
460,1024_格子图
461,浪客行·落樱林
462,九寨沟_家园
463,七秀_家园
464,衍天宗
465,望扬镇_单房屋
466,HD家园商城001
467,幻灵境
468,剑冢惊变
469,英雄剑冢惊变
470,星海蜃影·零
471,枫叶泊·乐苑
473,万花·乱世
474,七秀·乱世
475,少林·乱世
476,梦入集真岛
477,梧桐山庄
478,英雄梧桐山庄
479,罗汉门
480,英雄罗汉门
481,英雄梦入集真岛
482,达摩洞
483,25人普通达摩洞
484,25人英雄达摩洞
486,枫叶泊·天苑
487,镜花别院
488,藏剑山庄·乱世
489,月落三星
490,英雄月落三星
491,星海蜃影·一
492,星海蜃影·二
493,星海蜃影·三
494,星海蜃影·四
495,星海蜃影·五
496,星海蜃影·六
497,星海蜃影·七
498,星海蜃影·八
499,星海蜃影·九
500,星海蜃影·十
501,星海蜃影·十一
502,星海蜃影·十二
503,星海蜃影·十三
504,星海蜃影·十四
505,星海蜃影·十五
506,星海蜃影·十六
507,星海蜃影·十七
508,星海蜃影·十八
509,星海蜃影·十九
510,星海蜃影·二十
511,龙泉府_风雪镜泊湖
512,白龙绝境
513,幻灵境
514,HD登陆界面_衍天宗001